{
    "Generation unit 0": {
        "Id": 0,
        "Id node": 1,
        "Bid price": 30,
        "Load percentage": 3.8,
        "Needed demand": [
            67.48173,
            63.45296999999999,
            60.4314,
            59.42421,
            59.42421,
            60.4314,
            74.53205999999999,
            86.61833999999999,
            95.68304999999998,
            96.69023999999999,
            96.69023999999999,
            95.68304999999998,
            95.68304999999998,
            95.68304999999998,
            93.66867,
            93.66867,
            99.71180999999999,
            100.719,
            100.719,
            96.69023999999999,
            91.65429,
            83.59676999999999,
            73.52487,
            63.45296999999999
        ]
    },
    "Generation unit 1": {
        "Id": 1,
        "Id node": 2,
        "Bid price": 30,
        "Load percentage": 3.4,
        "Needed demand": [
            60.378389999999996,
            56.77371,
            54.07019999999999,
            53.16903,
            53.16903,
            54.07019999999999,
            66.68657999999999,
            77.50061999999998,
            85.61115,
            86.51232,
            86.51232,
            85.61115,
            85.61115,
            85.61115,
            83.80881,
            83.80881,
            89.21582999999998,
            90.11699999999999,
            90.11699999999999,
            86.51232,
            82.00647,
            74.79710999999999,
            65.78541,
            56.77371
        ]
    },
    "Generation unit 2": {
        "Id": 2,
        "Id node": 3,
        "Bid price": 30,
        "Load percentage": 6.3,
        "Needed demand": [
            111.877605,
            105.198345,
            100.18889999999999,
            98.51908499999999,
            98.51908499999999,
            100.18889999999999,
            123.56630999999999,
            143.60408999999999,
            158.63242499999998,
            160.30224,
            160.30224,
            158.63242499999998,
            158.63242499999998,
            158.63242499999998,
            155.292795,
            155.292795,
            165.311685,
            166.98149999999998,
            166.98149999999998,
            160.30224,
            151.95316499999998,
            138.594645,
            121.896495,
            105.198345
        ]
    },
    "Generation unit 3": {
        "Id": 3,
        "Id node": 4,
        "Bid price": 30,
        "Load percentage": 2.6,
        "Needed demand": [
            46.171710000000004,
            43.41519,
            41.3478,
            40.65867,
            40.65867,
            41.3478,
            50.99562,
            59.26518,
            65.46735,
            66.15648,
            66.15648,
            65.46735,
            65.46735,
            65.46735,
            64.08909,
            64.08909,
            68.22386999999999,
            68.913,
            68.913,
            66.15648,
            62.710829999999994,
            57.197790000000005,
            50.306490000000004,
            43.41519
        ]
    },
    "Generation unit 4": {
        "Id": 4,
        "Id node": 5,
        "Bid price": 30,
        "Load percentage": 2.5,
        "Needed demand": [
            44.395875,
            41.745375,
            39.7575,
            39.094875,
            39.094875,
            39.7575,
            49.03424999999999,
            56.985749999999996,
            62.949375,
            63.611999999999995,
            63.611999999999995,
            62.949375,
            62.949375,
            62.949375,
            61.62412500000001,
            61.62412500000001,
            65.599875,
            66.2625,
            66.2625,
            63.611999999999995,
            60.298874999999995,
            54.997875,
            48.371625,
            41.745375
        ]
    },
    "Generation unit 5": {
        "Id": 5,
        "Id node": 6,
        "Bid price": 30,
        "Load percentage": 4.8,
        "Needed demand": [
            85.24007999999999,
            80.15112,
            76.3344,
            75.06216,
            75.06216,
            76.3344,
            94.14576,
            109.41264,
            120.8628,
            122.13503999999999,
            122.13503999999999,
            120.8628,
            120.8628,
            120.8628,
            118.31832,
            118.31832,
            125.95176,
            127.22399999999999,
            127.22399999999999,
            122.13503999999999,
            115.77384,
            105.59591999999999,
            92.87351999999998,
            80.15112
        ]
    },
    "Generation unit 6": {
        "Id": 6,
        "Id node": 7,
        "Bid price": 30,
        "Load percentage": 4.4,
        "Needed demand": [
            78.13674,
            73.47186,
            69.9732,
            68.80698000000001,
            68.80698000000001,
            69.9732,
            86.30028,
            100.29492,
            110.79090000000001,
            111.95712000000002,
            111.95712000000002,
            110.79090000000001,
            110.79090000000001,
            110.79090000000001,
            108.45846000000002,
            108.45846000000002,
            115.45578000000002,
            116.62200000000001,
            116.62200000000001,
            111.95712000000002,
            106.12602000000001,
            96.79626,
            85.13406,
            73.47186
        ]
    },
    "Generation unit 7": {
        "Id": 7,
        "Id node": 8,
        "Bid price": 30,
        "Load percentage": 6.0,
        "Needed demand": [
            106.5501,
            100.18889999999999,
            95.41799999999999,
            93.82770000000001,
            93.82770000000001,
            95.41799999999999,
            117.6822,
            136.76579999999998,
            151.0785,
            152.6688,
            152.6688,
            151.0785,
            151.0785,
            151.0785,
            147.89790000000002,
            147.89790000000002,
            157.4397,
            159.03,
            159.03,
            152.6688,
            144.7173,
            131.9949,
            116.09190000000001,
            100.18889999999999
        ]
    },
    "Generation unit 8": {
        "Id": 8,
        "Id node": 9,
        "Bid price": 30,
        "Load percentage": 6.1,
        "Needed demand": [
            108.32593499999999,
            101.85871499999999,
            97.0083,
            95.39149499999999,
            95.39149499999999,
            97.0083,
            119.64356999999998,
            139.04522999999998,
            153.596475,
            155.21328,
            155.21328,
            153.596475,
            153.596475,
            153.596475,
            150.362865,
            150.362865,
            160.063695,
            161.6805,
            161.6805,
            155.21328,
            147.129255,
            134.194815,
            118.026765,
            101.85871499999999
        ]
    },
    "Generation unit 9": {
        "Id": 9,
        "Id node": 10,
        "Bid price": 30,
        "Load percentage": 6.8,
        "Needed demand": [
            120.75677999999999,
            113.54742,
            108.14039999999999,
            106.33806,
            106.33806,
            108.14039999999999,
            133.37315999999998,
            155.00123999999997,
            171.2223,
            173.02464,
            173.02464,
            171.2223,
            171.2223,
            171.2223,
            167.61762,
            167.61762,
            178.43165999999997,
            180.23399999999998,
            180.23399999999998,
            173.02464,
            164.01294,
            149.59421999999998,
            131.57082,
            113.54742
        ]
    },
    "Generation unit 10": {
        "Id": 10,
        "Id node": 13,